[
  {
    "model": "tours.Excursion",
    "pk": 1,
    "fields": {
      "name": "Великая Китайская стена",
      "description": "Экскурсия на участок Бадалин Великой Китайской стены",
      "duration_hours": 8,
      "guide_language": "Russian",
      "price": "120.00"
    }
  },
  {
    "model": "tours.Excursion",
    "pk": 2,
    "fields": {
      "name": "Запретный город",
      "description": "Экскурсия по императорскому дворцу в Пекине",
      "duration_hours": 4,
      "guide_language": "English",
      "price": "80.00"
    }
  },
  {
    "model": "tours.Excursion",
    "pk": 3,
    "fields": {
      "name": "Терракотовая армия",
      "description": "Посещение музея терракотовых воинов в Сиане",
      "duration_hours": 6,
      "guide_language": "Russian",
      "price": "150.00"
    }
  },
  {
    "model": "tours.Excursion",
    "pk": 4,
    "fields": {
      "name": "Река Лицзян",
      "description": "Круиз по живописной реке Лицзян",
      "duration_hours": 5,
      "guide_language": "Chinese",
      "price": "100.00"
    }
  },
  {
    "model": "tours.Excursion",
    "pk": 5,
    "fields": {
      "name": "Шанхай с высоты",
      "description": "Обзорная экскурсия по Шанхаю с посещением телебашни",
      "duration_hours": 3,
      "guide_language": "English",
      "price": "60.00"
    }
  },

  {
    "model": "tours.ChineseGuide",
    "pk": 1,
    "fields": {
      "first_name": "Ли",
      "last_name": "Вэй",
      "languages": "Russian, English",
      "city": 1,
      "hourly_rate": "25.00"
    }
  },
  {
    "model": "tours.ChineseGuide",
    "pk": 2,
    "fields": {
      "first_name": "Чжан",
      "last_name": "Мин",
      "languages": "English, Chinese",
      "city": 2,
      "hourly_rate": "20.00"
    }
  },
  {
    "model": "tours.ChineseGuide",
    "pk": 3,
    "fields": {
      "first_name": "Ван",
      "last_name": "Фан",
      "languages": "Russian, Chinese",
      "city": 3,
      "hourly_rate": "18.00"
    }
  },
  {
    "model": "tours.ChineseGuide",
    "pk": 4,
    "fields": {
      "first_name": "Чэнь",
      "last_name": "Юй",
      "languages": "English, French",
      "city": 4,
      "hourly_rate": "22.00"
    }
  },
  {
    "model": "tours.ChineseGuide",
    "pk": 5,
    "fields": {
      "first_name": "Лю",
      "last_name": "Хуа",
      "languages": "Russian, English, Chinese",
      "city": 5,
      "hourly_rate": "30.00"
    }
  },

  {
    "model": "tours.Festival",
    "pk": 1,
    "fields": {
      "name": "Фестиваль льда и снега в Харбине",
      "date_start": "2024-01-05",
      "date_end": "2024-02-05",
      "location": "Харбин",
      "description": "Крупнейший в мире фестиваль ледовых скульптур"
    }
  },
  {
    "model": "tours.Festival",
    "pk": 2,
    "fields": {
      "name": "Праздник весны (Китайский Новый год)",
      "date_start": "2024-02-10",
      "date_end": "2024-02-17",
      "location": "По всему Китаю",
      "description": "Традиционные празднования китайского нового года"
    }
  },
  {
    "model": "tours.Festival",
    "pk": 3,
    "fields": {
      "name": "Фестиваль драконьих лодок",
      "date_start": "2023-06-22",
      "date_end": "2023-06-24",
      "location": "Гуанчжоу",
      "description": "Соревнования на лодках и поедание цзунцзы"
    }
  },
  {
    "model": "tours.Festival",
    "pk": 4,
    "fields": {
      "name": "Фестиваль фонарей",
      "date_start": "2024-02-24",
      "date_end": "2024-02-26",
      "location": "Пекин",
      "description": "Завершение празднования китайского нового года"
    }
  },
  {
    "model": "tours.Festival",
    "pk": 5,
    "fields": {
      "name": "Международный фестиваль пива в Циндао",
      "date_start": "2023-08-11",
      "date_end": "2023-08-27",
      "location": "Циндао",
      "description": "Крупнейший пивной фестиваль в Азии"
    }
  },

  {
    "model": "tours.TransportProvider",
    "pk": 1,
    "fields": {
      "name": "China Eastern Airlines",
      "contact_person": "Zhang Wei",
      "contact_phone": "+86 21 95530",
      "contact_email": "bookings@chinaeastern.com",
      "service_type": "Airline"
    }
  },
  {
    "model": "tours.TransportProvider",
    "pk": 2,
    "fields": {
      "name": "China Railway High-speed",
      "contact_person": "Liu Fang",
      "contact_phone": "+86 10 12306",
      "contact_email": "groupbookings@crhighspeed.com",
      "service_type": "Railway"
    }
  },
  {
    "model": "tours.TransportProvider",
    "pk": 3,
    "fields": {
      "name": "Beijing Taxi Service",
      "contact_person": "Wang Jian",
      "contact_phone": "+86 10 6837 3399",
      "contact_email": "reservation@bjtaxi.com",
      "service_type": "Taxi"
    }
  },
  {
    "model": "tours.TransportProvider",
    "pk": 4,
    "fields": {
      "name": "Yangtze River Cruises",
      "contact_person": "Chen Yu",
      "contact_phone": "+86 23 6383 1344",
      "contact_email": "info@yangtzecruise.com",
      "service_type": "Cruise"
    }
  },
  {
    "model": "tours.TransportProvider",
    "pk": 5,
    "fields": {
      "name": "Guangzhou Bus Tours",
      "contact_person": "Lin Hao",
      "contact_phone": "+86 20 8666 8999",
      "contact_email": "tours@gzbus.com",
      "service_type": "Bus"
    }
  },

  {
    "model": "tours.Insurance",
    "pk": 1,
    "fields": {
      "provider_name": "Ping An Insurance",
      "coverage_description": "Стандартная медицинская страховка для туристов",
      "price_per_day": "5.00"
    }
  },
  {
    "model": "tours.Insurance",
    "pk": 2,
    "fields": {
      "provider_name": "China Life",
      "coverage_description": "Расширенная страховка с покрытием экстремальных видов спорта",
      "price_per_day": "8.50"
    }
  },
  {
    "model": "tours.Insurance",
    "pk": 3,
    "fields": {
      "provider_name": "CPIC",
      "coverage_description": "Премиум страховка с покрытием COVID-19",
      "price_per_day": "12.00"
    }
  },
  {
    "model": "tours.Insurance",
    "pk": 4,
    "fields": {
      "provider_name": "Allianz China",
      "coverage_description": "Семейная страховка для групп",
      "price_per_day": "6.50"
    }
  },
  {
    "model": "tours.Insurance",
    "pk": 5,
    "fields": {
      "provider_name": "AIA",
      "coverage_description": "Бизнес страховка с расширенным покрытием",
      "price_per_day": "10.00"
    }
  },

  {
    "model": "tours.Review",
    "pk": 1,
    "fields": {
      "client": 1,
      "tour": 1,
      "rating": 5,
      "comment": "Отличный тур, все очень понравилось!",
      "review_date": "2023-06-25",
      "is_approved": true
    }
  },
  {
    "model": "tours.Review",
    "pk": 2,
    "fields": {
      "client": 2,
      "tour": 3,
      "rating": 4,
      "comment": "Хорошая организация, но еда была слишком острой",
      "review_date": "2023-09-10",
      "is_approved": true
    }
  },
  {
    "model": "tours.Review",
    "pk": 3,
    "fields": {
      "client": 4,
      "tour": 4,
      "rating": 5,
      "comment": "Незабываемые впечатления от ледового фестиваля!",
      "review_date": "2024-01-25",
      "is_approved": false
    }
  },
  {
    "model": "tours.Review",
    "pk": 4,
    "fields": {
      "client": 3,
      "tour": 2,
      "rating": 3,
      "comment": "Неплохо, но слишком много переездов",
      "review_date": "2023-07-20",
      "is_approved": true
    }
  },
  {
    "model": "tours.Review",
    "pk": 5,
    "fields": {
      "client": 5,
      "tour": 5,
      "rating": 5,
      "comment": "Лучший тур в моей жизни! Великий Шелковый путь - это мечта!",
      "review_date": "2023-11-01",
      "is_approved": true
    }
  },

  {
    "model": "tours.TourAgency",
    "pk": 1,
    "fields": {
      "name": "China Discovery Tours",
      "comission_percent": "15.00",
      "contact_phone": "+86 10 6512 9087",
      "email": "sales@chinadiscovery.com",
      "specialization": "VIP"
    }
  },
  {
    "model": "tours.TourAgency",
    "pk": 2,
    "fields": {
      "name": "Silk Road Adventures",
      "comission_percent": "12.50",
      "contact_phone": "+86 29 8765 4321",
      "email": "info@silkroadadventures.cn",
      "specialization": "Adventure"
    }
  },
  {
    "model": "tours.TourAgency",
    "pk": 3,
    "fields": {
      "name": "Pearl River Travel",
      "comission_percent": "10.00",
      "contact_phone": "+86 20 3456 7890",
      "email": "bookings@pearlrivertravel.com",
      "specialization": "Cultural"
    }
  },
  {
    "model": "tours.TourAgency",
    "pk": 4,
    "fields": {
      "name": "Yangtze Cruises & Tours",
      "comission_percent": "18.00",
      "contact_phone": "+86 23 1234 5678",
      "email": "reservations@yangtzecruises.cn",
      "specialization": "Cruise"
    }
  },
  {
    "model": "tours.TourAgency",
    "pk": 5,
    "fields": {
      "name": "Imperial China Travel",
      "comission_percent": "20.00",
      "contact_phone": "+86 10 9876 5432",
      "email": "tours@imperialchina.com",
      "specialization": "Luxury"
    }
  },

  {
    "model": "tours.Payment",
    "pk": 1,
    "fields": {
      "booking": 1,
      "amount": "600.00",
      "payment_date": "2023-04-15T11:00:00Z",
      "method": "Online Payment",
      "transaction_id": "PAY-123456",
      "is_deposit": true
    }
  },
  {
    "model": "tours.Payment",
    "pk": 2,
    "fields": {
      "booking": 1,
      "amount": "500.00",
      "payment_date": "2023-05-01T10:30:00Z",
      "method": "Bank Transfer",
      "transaction_id": "TRANS-789012",
      "is_deposit": false
    }
  },
  {
    "model": "tours.Payment",
    "pk": 3,
    "fields": {
      "booking": 2,
      "amount": "900.00",
      "payment_date": "2023-05-21T14:45:00Z",
      "method": "Card",
      "transaction_id": "CARD-345678",
      "is_deposit": true
    }
  },
  {
    "model": "tours.Payment",
    "pk": 4,
    "fields": {
      "booking": 4,
      "amount": "1350.00",
      "payment_date": "2023-07-11T09:30:00Z",
      "method": "Online Payment",
      "transaction_id": "PAY-901234",
      "is_deposit": false
    }
  },
  {
    "model": "tours.Payment",
    "pk": 5,
    "fields": {
      "booking": 5,
      "amount": "2500.00",
      "payment_date": "2023-08-06T16:45:00Z",
      "method": "Bank Transfer",
      "transaction_id": "TRANS-567890",
      "is_deposit": false
    }
  },

  {
    "model": "tours.BookingsVisa",
    "pk": 1,
    "fields": {
      "booking": 1,
      "visa": 1
    }
  },
  {
    "model": "tours.BookingsVisa",
    "pk": 2,
    "fields": {
      "booking": 2,
      "visa": 2
    }
  },
  {
    "model": "tours.BookingsVisa",
    "pk": 3,
    "fields": {
      "booking": 4,
      "visa": 3
    }
  },

  {
    "model": "tours.TourExcursion",
    "pk": 1,
    "fields": {
      "tour": 1,
      "excursion": 1,
      "guide": 1,
      "schedule_datetime": "2023-06-12T08:00:00Z",
      "included_in_price": true
    }
  },
  {
    "model": "tours.TourExcursion",
    "pk": 2,
    "fields": {
      "tour": 1,
      "excursion": 2,
      "guide": 1,
      "schedule_datetime": "2023-06-13T09:00:00Z",
      "included_in_price": true
    }
  },
  {
    "model": "tours.TourExcursion",
    "pk": 3,
    "fields": {
      "tour": 3,
      "excursion": 3,
      "guide": 4,
      "schedule_datetime": "2023-09-03T10:00:00Z",
      "included_in_price": false
    }
  },
  {
    "model": "tours.TourExcursion",
    "pk": 4,
    "fields": {
      "tour": 5,
      "excursion": 4,
      "guide": 5,
      "schedule_datetime": "2023-10-15T07:30:00Z",
      "included_in_price": true
    }
  },
  {
    "model": "tours.TourExcursion",
    "pk": 5,
    "fields": {
      "tour": 2,
      "excursion": 5,
      "guide": 2,
      "schedule_datetime": "2023-07-08T13:00:00Z",
      "included_in_price": true
    }
  },

  {
    "model": "tours.TourFestival",
    "pk": 1,
    "fields": {
      "tour": 4,
      "festival": 1
    }
  },
  {
    "model": "tours.TourFestival",
    "pk": 2,
    "fields": {
      "tour": 1,
      "festival": 2
    }
  },
  {
    "model": "tours.TourFestival",
    "pk": 3,
    "fields": {
      "tour": 2,
      "festival": 3
    }
  },

  {
    "model": "tours.TourHotel",
    "pk": 1,
    "fields": {
      "tour": 1,
      "hotel": 1,
      "check_in_date": "2023-06-10",
      "check_out_date": "2023-06-15",
      "room_type": "Deluxe",
      "meals_included": "Breakfast"
    }
  },
  {
    "model": "tours.TourHotel",
    "pk": 2,
    "fields": {
      "tour": 1,
      "hotel": 2,
      "check_in_date": "2023-06-15",
      "check_out_date": "2023-06-20",
      "room_type": "Standard",
      "meals_included": "Half Board"
    }
  },
  {
    "model": "tours.TourHotel",
    "pk": 3,
    "fields": {
      "tour": 2,
      "hotel": 3,
      "check_in_date": "2023-07-05",
      "check_out_date": "2023-07-15",
      "room_type": "Standard",
      "meals_included": "Full Board"
    }
  },
  {
    "model": "tours.TourHotel",
    "pk": 4,
    "fields": {
      "tour": 3,
      "hotel": 4,
      "check_in_date": "2023-09-01",
      "check_out_date": "2023-09-08",
      "room_type": "Suite",
      "meals_included": "Full Board"
    }
  },
  {
    "model": "tours.TourHotel",
    "pk": 5,
    "fields": {
      "tour": 4,
      "hotel": 5,
      "check_in_date": "2024-01-15",
      "check_out_date": "2024-01-22",
      "room_type": "Deluxe",
      "meals_included": "Half Board"
    }
  },

  {
    "model": "tours.TourRegion",
    "pk": 1,
    "fields": {
      "tour": 1,
      "region": 1,
      "days_spent": 5
    }
  },
  {
    "model": "tours.TourRegion",
    "pk": 2,
    "fields": {
      "tour": 1,
      "region": 2,
      "days_spent": 5
    }
  },
  {
    "model": "tours.TourRegion",
    "pk": 3,
    "fields": {
      "tour": 2,
      "region": 3,
      "days_spent": 10
    }
  },
  {
    "model": "tours.TourRegion",
    "pk": 4,
    "fields": {
      "tour": 3,
      "region": 4,
      "days_spent": 7
    }
  },
  {
    "model": "tours.TourRegion",
    "pk": 5,
    "fields": {
      "tour": 5,
      "region": 1,
      "days_spent": 3
    }
  },

  {
    "model": "tours.TourToAgency",
    "pk": 1,
    "fields": {
      "tour": 1,
      "agency": 1,
      "contract_start_date": "2023-01-01",
      "contract_end_date": "2023-12-31"
    }
  },
  {
    "model": "tours.TourToAgency",
    "pk": 2,
    "fields": {
      "tour": 2,
      "agency": 2,
      "contract_start_date": "2023-03-15",
      "contract_end_date": "2024-03-14"
    }
  },
  {
    "model": "tours.TourToAgency",
    "pk": 3,
    "fields": {
      "tour": 3,
      "agency": 3,
      "contract_start_date": "2023-05-01",
      "contract_end_date": null
    }
  },
  {
    "model": "tours.TourToAgency",
    "pk": 4,
    "fields": {
      "tour": 4,
      "agency": 4,
      "contract_start_date": "2023-06-01",
      "contract_end_date": "2024-02-29"
    }
  },
  {
    "model": "tours.TourToAgency",
    "pk": 5,
    "fields": {
      "tour": 5,
      "agency": 5,
      "contract_start_date": "2023-04-10",
      "contract_end_date": "2023-12-31"
    }
  },

  {
    "model": "tours.TourTransport",
    "pk": 1,
    "fields": {
      "tour": 1,
      "company": 1,
      "direction_type": "Departure",
      "departure_city": 1,
      "arrival_city": 2,
      "departure_datetime": "2023-06-15T10:00:00Z",
      "arrival_datetime": "2023-06-15T12:30:00Z",
      "notes": "Рейс MU5102"
    }
  },
  {
    "model": "tours.TourTransport",
    "pk": 2,
    "fields": {
      "tour": 1,
      "company": 2,
      "direction_type": "Intercity",
      "departure_city": 1,
      "arrival_city": 2,
      "departure_datetime": "2023-06-10T08:00:00Z",
      "arrival_datetime": "2023-06-10T12:30:00Z",
      "notes": "Скоростной поезд G101"
    }
  },
  {
    "model": "tours.TourTransport",
    "pk": 3,
    "fields": {
      "tour": 2,
      "company": 5,
      "direction_type": "Intercity",
      "departure_city": 3,
      "arrival_city": 4,
      "departure_datetime": "2023-07-08T09:00:00Z",
      "arrival_datetime": "2023-07-08T14:00:00Z",
      "notes": "Экскурсионный автобус"
    }
  },
  {
    "model": "tours.TourTransport",
    "pk": 4,
    "fields": {
      "tour": 3,
      "company": 4,
      "direction_type": "Arrival",
      "departure_city": 4,
      "arrival_city": 5,
      "departure_datetime": "2023-09-08T18:00:00Z",
      "arrival_datetime": "2023-09-08T20:30:00Z",
      "notes": "Внутренний перелет"
    }
  },
  {
    "model": "tours.TourTransport",
    "pk": 5,
    "fields": {
      "tour": 5,
      "company": 2,
      "direction_type": "Intercity",
      "departure_city": 1,
      "arrival_city": 4,
      "departure_datetime": "2023-10-12T07:00:00Z",
      "arrival_datetime": "2023-10-12T19:00:00Z",
      "notes": "Дневной поезд с экскурсиями"
    }
  }


]