[
  {
    "model": "tours.Client",
    "pk": 1,
    "fields": {
      "first_name": "Павел",
      "last_name": "Месенев",
      "email": "ivan.petrov@example.com",
      "phone": "+79161234567",
      "passport_data": "1234 567890",
      "registration_date": "2023-01-15",
      "preferred_language": "Russian"
    }
  },
  {
    "model": "tours.Client",
    "pk": 2,
    "fields": {
      "first_name": "Андрей",
      "last_name": "Сущенко",
      "email": "elena.smirnova@example.com",
      "phone": "+79169876543",
      "passport_data": "9876 543210",
      "registration_date": "2023-02-20",
      "preferred_language": "English"
    }
  },
  {
    "model": "tours.Client",
    "pk": 3,
    "fields": {
      "first_name": "Алексей",
      "last_name": "Козлов",
      "email": "alex.kozlov@example.com",
      "phone": "+79167778899",
      "passport_data": "4567 890123",
      "registration_date": "2023-03-10",
      "preferred_language": "Russian"
    }
  },
  {
    "model": "tours.Client",
    "pk": 4,
    "fields": {
      "first_name": "Ольга",
      "last_name": "Иванова",
      "email": "olga.ivanova@example.com",
      "phone": "+79165554433",
      "passport_data": "6543 210987",
      "registration_date": "2023-04-05",
      "preferred_language": "Chinese"
    }
  },
  {
    "model": "tours.Client",
    "pk": 5,
    "fields": {
      "first_name": "Дмитрий",
      "last_name": "Соколов",
      "email": "dmitry.sokolov@example.com",
      "phone": "+79163332211",
      "passport_data": "7890 123456",
      "registration_date": "2023-05-12",
      "preferred_language": "Russian"
    }
  },
  {
    "model": "tours.Employee",
    "pk": 1,
    "fields": {
      "first_name": "Анна",
      "last_name": "Васильева",
      "position": "Менеджер по продажам",
      "email": "anna.vasilyeva@chinatours.com",
      "phone": "+79161112233",
      "hire_date": "2022-01-10",
      "is_active": true
    }
  },
  {
    "model": "tours.Employee",
    "pk": 2,
    "fields": {
      "first_name": "Сергей",
      "last_name": "Михайлов",
      "position": "Туроператор",
      "email": "sergey.mikhailov@chinatours.com",
      "phone": "+79164445566",
      "hire_date": "2021-05-15",
      "is_active": true
    }
  },
  {
    "model": "tours.Employee",
    "pk": 3,
    "fields": {
      "first_name": "Мария",
      "last_name": "Федорова",
      "position": "Виза-менеджер",
      "email": "maria.fedorova@chinatours.com",
      "phone": "+79167778899",
      "hire_date": "2022-03-20",
      "is_active": true
    }
  },
  {
    "model": "tours.Employee",
    "pk": 4,
    "fields": {
      "first_name": "Александр",
      "last_name": "Николаев",
      "position": "Гид по Китаю",
      "email": "alex.nikolaev@chinatours.com",
      "phone": "+79169990011",
      "hire_date": "2021-11-05",
      "is_active": false
    }
  },
  {
    "model": "tours.Employee",
    "pk": 5,
    "fields": {
      "first_name": "Татьяна",
      "last_name": "Кузнецова",
      "position": "Бухгалтер",
      "email": "tatyana.kuznetsova@chinatours.com",
      "phone": "+79162223344",
      "hire_date": "2020-09-01",
      "is_active": true
    }
  },
  {
    "model": "tours.ChinaRegion",
    "pk": 1,
    "fields": {
      "name": "Пекин",
      "description": "Столичный регион Китая с богатой историей"
    }
  },
  {
    "model": "tours.ChinaRegion",
    "pk": 2,
    "fields": {
      "name": "Шанхай",
      "description": "Крупнейший финансовый и торговый центр Китая"
    }
  },
  {
    "model": "tours.ChinaRegion",
    "pk": 3,
    "fields": {
      "name": "Гуандун",
      "description": "Южный регион с субтропическим климатом"
    }
  },
  {
    "model": "tours.ChinaRegion",
    "pk": 4,
    "fields": {
      "name": "Сычуань",
      "description": "Регион с уникальной кухней и природными достопримечательностями"
    }
  },
  {
    "model": "tours.ChinaRegion",
    "pk": 5,
    "fields": {
      "name": "Юньнань",
      "description": "Регион с этническим разнообразием и красивыми пейзажами"
    }
  },
  {
    "model": "tours.ChinaCity",
    "pk": 1,
    "fields": {
      "name": "Пекин",
      "region": 1
    }
  },
  {
    "model": "tours.ChinaCity",
    "pk": 2,
    "fields": {
      "name": "Шанхай",
      "region": 2
    }
  },
  {
    "model": "tours.ChinaCity",
    "pk": 3,
    "fields": {
      "name": "Гуанчжоу",
      "region": 3
    }
  },
  {
    "model": "tours.ChinaCity",
    "pk": 4,
    "fields": {
      "name": "Чэнду",
      "region": 4
    }
  },
  {
    "model": "tours.ChinaCity",
    "pk": 5,
    "fields": {
      "name": "Куньмин",
      "region": 5
    }
  },
  {
    "model": "tours.Tour",
    "pk": 1,
    "fields": {
      "name": "Классический Китай",
      "description": "Тур по основным достопримечательностям Пекина и Шанхая",
      "start_date": "2023-06-10",
      "end_date": "2023-06-20",
      "duration_days": 10,
      "max_participants": 15,
      "price": "1200.00",
      "category": "Cultural",
      "season": "Summer",
      "difficulty_level": 2,
      "is_active": true
    }
  },
  {
    "model": "tours.Tour",
    "pk": 2,
    "fields": {
      "name": "Южные провинции",
      "description": "Экскурсии по Гуанчжоу и окрестностям",
      "start_date": "2023-07-05",
      "end_date": "2023-07-15",
      "duration_days": 10,
      "max_participants": 12,
      "price": "1500.00",
      "category": "Adventure",
      "season": "Summer",
      "difficulty_level": 3,
      "is_active": true
    }
  },
  {
    "model": "tours.Tour",
    "pk": 3,
    "fields": {
      "name": "Гастрономический тур по Сычуань",
      "description": "Знакомство с острой кухней Сычуани",
      "start_date": "2023-09-01",
      "end_date": "2023-09-08",
      "duration_days": 7,
      "max_participants": 8,
      "price": "1800.00",
      "category": "VIP",
      "season": "Autumn",
      "difficulty_level": 1,
      "is_active": true
    }
  },
  {
    "model": "tours.Tour",
    "pk": 4,
    "fields": {
      "name": "Зимний фестиваль в Харбине",
      "description": "Посещение знаменитого ледового фестиваля",
      "start_date": "2024-01-15",
      "end_date": "2024-01-22",
      "duration_days": 7,
      "max_participants": 20,
      "price": "1350.00",
      "category": "Festival",
      "season": "Winter",
      "difficulty_level": 2,
      "is_active": true
    }
  },
  {
    "model": "tours.Tour",
    "pk": 5,
    "fields": {
      "name": "По Великому Шелковому пути",
      "description": "Исторический тур по древним городам",
      "start_date": "2023-10-10",
      "end_date": "2023-10-25",
      "duration_days": 15,
      "max_participants": 10,
      "price": "2500.00",
      "category": "VIP",
      "season": "Autumn",
      "difficulty_level": 4,
      "is_active": true
    }
  },
  {
    "model": "tours.Hotel",
    "pk": 1,
    "fields": {
      "name": "The Ritz-Carlton Beijing",
      "address": "83A Jian Guo Road, Chaoyang District, Пекин",
      "city": 1,
      "star_rating": 5,
      "contact_phone": "+86 10 5908 8888",
      "email": "reservations.ritzbeijing@ritzcarlton.com",
      "is_active": true
    }
  },
  {
    "model": "tours.Hotel",
    "pk": 2,
    "fields": {
      "name": "Peace Hotel Shanghai",
      "address": "20 Nanjing Road East, Шанхай",
      "city": 2,
      "star_rating": 5,
      "contact_phone": "+86 21 6321 6888",
      "email": "reservation@peacehotel.com.cn",
      "is_active": true
    }
  },
  {
    "model": "tours.Hotel",
    "pk": 3,
    "fields": {
      "name": "Guangzhou Marriott Hotel Tianhe",
      "address": "228 Tianhe Road, Гуанчжоу",
      "city": 3,
      "star_rating": 4,
      "contact_phone": "+86 20 3801 8888",
      "email": "reservations.guangzhoumarriott@marriott.com",
      "is_active": true
    }
  },
  {
    "model": "tours.Hotel",
    "pk": 4,
    "fields": {
      "name": "Tibet Hotel Chengdu",
      "address": "10 South Renmin Road, Чэнду",
      "city": 4,
      "star_rating": 4,
      "contact_phone": "+86 28 8558 3333",
      "email": "reservation@tibethotel.com",
      "is_active": true
    }
  },
  {
    "model": "tours.Hotel",
    "pk": 5,
    "fields": {
      "name": "Green Lake Hotel Kunming",
      "address": "6 Cuihu South Road, Куньмин",
      "city": 5,
      "star_rating": 4,
      "contact_phone": "+86 871 6316 8888",
      "email": "reservation@greenlakehotel.com",
      "is_active": true
    }
  },
  {
    "model": "tours.VisaType",
    "pk": 1,
    "fields": {
      "name": "Туристическая виза (L)",
      "description": "Однократный въезд на 30 дней",
      "processing_days": 5,
      "validity_months": 3,
      "entries_allowed": 1,
      "price": "150.00"
    }
  },
  {
    "model": "tours.VisaType",
    "pk": 2,
    "fields": {
      "name": "Бизнес виза (M)",
      "description": "Многократный въезд на 90 дней",
      "processing_days": 7,
      "validity_months": 12,
      "entries_allowed": 10,
      "price": "350.00"
    }
  },
  {
    "model": "tours.VisaType",
    "pk": 3,
    "fields": {
      "name": "Групповая туристическая виза",
      "description": "Для групп от 5 человек",
      "processing_days": 7,
      "validity_months": 3,
      "entries_allowed": 1,
      "price": "120.00"
    }
  },
  {
    "model": "tours.VisaType",
    "pk": 4,
    "fields": {
      "name": "Транзитная виза (G)",
      "description": "Для транзита через Китай",
      "processing_days": 3,
      "validity_months": 1,
      "entries_allowed": 1,
      "price": "80.00"
    }
  },
  {
    "model": "tours.VisaType",
    "pk": 5,
    "fields": {
      "name": "VIP виза",
      "description": "Ускоренное оформление с консьерж-сервисом",
      "processing_days": 2,
      "validity_months": 6,
      "entries_allowed": 2,
      "price": "500.00"
    }
  },
  {
    "model": "tours.Booking",
    "pk": 1,
    "fields": {
      "client": 1,
      "tour": 1,
      "employee": 1,
      "booking_date": "2023-04-15T10:30:00Z",
      "status": "Confirmed",
      "total_price": "1200.00",
      "discount_amount": "100.00",
      "payment_status": "Paid",
      "special_requests": "Нужен номер на высоком этаже"
    }
  },
  {
    "model": "tours.Booking",
    "pk": 2,
    "fields": {
      "client": 2,
      "tour": 3,
      "employee": 2,
      "booking_date": "2023-05-20T14:15:00Z",
      "status": "Confirmed",
      "total_price": "1800.00",
      "discount_amount": "0.00",
      "payment_status": "Partial",
      "special_requests": "Вегетарианское питание"
    }
  },
  {
    "model": "tours.Booking",
    "pk": 3,
    "fields": {
      "client": 3,
      "tour": 2,
      "employee": 1,
      "booking_date": "2023-06-01T11:45:00Z",
      "status": "Pending",
      "total_price": "1500.00",
      "discount_amount": "150.00",
      "payment_status": "Unpaid",
      "special_requests": ""
    }
  },
  {
    "model": "tours.Booking",
    "pk": 4,
    "fields": {
      "client": 4,
      "tour": 4,
      "employee": 3,
      "booking_date": "2023-07-10T09:20:00Z",
      "status": "Confirmed",
      "total_price": "1350.00",
      "discount_amount": "0.00",
      "payment_status": "Paid",
      "special_requests": "Нужна помощь с визой"
    }
  },
  {
    "model": "tours.Booking",
    "pk": 5,
    "fields": {
      "client": 5,
      "tour": 5,
      "employee": 2,
      "booking_date": "2023-08-05T16:30:00Z",
      "status": "Confirmed",
      "total_price": "2500.00",
      "discount_amount": "200.00",
      "payment_status": "Paid",
      "special_requests": "Индивидуальный гид"
    }
  },
  {
    "model": "tours.Visa",
    "pk": 1,
    "fields": {
      "client": 1,
      "visa_type": 1,
      "status": "Approved",
      "application_date": "2023-05-01",
      "approval_date": "2023-05-06",
      "expiry_date": "2023-08-06",
      "notes": "Виза готова к выдаче"
    }
  },
  {
    "model": "tours.Visa",
    "pk": 2,
    "fields": {
      "client": 2,
      "visa_type": 3,
      "status": "Processing",
      "application_date": "2023-06-10",
      "approval_date": null,
      "expiry_date": null,
      "notes": "Ожидаем документы от клиента"
    }
  },
  {
    "model": "tours.Visa",
    "pk": 3,
    "fields": {
      "client": 4,
      "visa_type": 5,
      "status": "Application",
      "application_date": "2023-07-15",
      "approval_date": null,
      "expiry_date": null,
      "notes": "VIP обработка"
    }
  },
  {
    "model": "tours.Visa",
    "pk": 4,
    "fields": {
      "client": 3,
      "visa_type": 1,
      "status": "Rejected",
      "application_date": "2023-05-20",
      "approval_date": null,
      "expiry_date": null,
      "notes": "Недостаточно документов"
    }
  },
  {
    "model": "tours.Visa",
    "pk": 5,
    "fields": {
      "client": 5,
      "visa_type": 2,
      "status": "Collected",
      "application_date": "2023-04-01",
      "approval_date": "2023-04-08",
      "expiry_date": "2024-04-08",
      "notes": "Клиент забрал паспорт"
    }
  },
  {
    "model": "tours.Excursion",
    "pk": 1,
    "fields": {
      "name": "Великая Китайская стена",
      "description": "Экскурсия на участок Бадалин Великой Китайской стены",
      "duration_hours": 8,
      "guide_language": "Russian",
      "price": "120.00"
    }
  },
  {
    "model": "tours.Excursion",
    "pk": 2,
    "fields": {
      "name": "Запретный город",
      "description": "Экскурсия по императорскому дворцу в Пекине",
      "duration_hours": 4,
      "guide_language": "English",
      "price": "80.00"
    }
  },
  {
    "model": "tours.Excursion",
    "pk": 3,
    "fields": {
      "name": "Терракотовая армия",
      "description": "Посещение музея терракотовых воинов в Сиане",
      "duration_hours": 6,
      "guide_language": "Russian",
      "price": "150.00"
    }
  },
  {
    "model": "tours.Excursion",
    "pk": 4,
    "fields": {
      "name": "Река Лицзян",
      "description": "Круиз по живописной реке Лицзян",
      "duration_hours": 5,
      "guide_language": "Chinese",
      "price": "100.00"
    }
  },
  {
    "model": "tours.Excursion",
    "pk": 5,
    "fields": {
      "name": "Шанхай с высоты",
      "description": "Обзорная экскурсия по Шанхаю с посещением телебашни",
      "duration_hours": 3,
      "guide_language": "English",
      "price": "60.00"
    }
  },

  {
    "model": "tours.ChineseGuide",
    "pk": 1,
    "fields": {
      "first_name": "Ли",
      "last_name": "Вэй",
      "languages": "Russian, English",
      "city": 1,
      "hourly_rate": "25.00"
    }
  },
  {
    "model": "tours.ChineseGuide",
    "pk": 2,
    "fields": {
      "first_name": "Чжан",
      "last_name": "Мин",
      "languages": "English, Chinese",
      "city": 2,
      "hourly_rate": "20.00"
    }
  },
  {
    "model": "tours.ChineseGuide",
    "pk": 3,
    "fields": {
      "first_name": "Ван",
      "last_name": "Фан",
      "languages": "Russian, Chinese",
      "city": 3,
      "hourly_rate": "18.00"
    }
  },
  {
    "model": "tours.ChineseGuide",
    "pk": 4,
    "fields": {
      "first_name": "Чэнь",
      "last_name": "Юй",
      "languages": "English, French",
      "city": 4,
      "hourly_rate": "22.00"
    }
  },
  {
    "model": "tours.ChineseGuide",
    "pk": 5,
    "fields": {
      "first_name": "Лю",
      "last_name": "Хуа",
      "languages": "Russian, English, Chinese",
      "city": 5,
      "hourly_rate": "30.00"
    }
  },

  {
    "model": "tours.Festival",
    "pk": 1,
    "fields": {
      "name": "Фестиваль льда и снега в Харбине",
      "date_start": "2024-01-05",
      "date_end": "2024-02-05",
      "location": "Харбин",
      "description": "Крупнейший в мире фестиваль ледовых скульптур"
    }
  },
  {
    "model": "tours.Festival",
    "pk": 2,
    "fields": {
      "name": "Праздник весны (Китайский Новый год)",
      "date_start": "2024-02-10",
      "date_end": "2024-02-17",
      "location": "По всему Китаю",
      "description": "Традиционные празднования китайского нового года"
    }
  },
  {
    "model": "tours.Festival",
    "pk": 3,
    "fields": {
      "name": "Фестиваль драконьих лодок",
      "date_start": "2023-06-22",
      "date_end": "2023-06-24",
      "location": "Гуанчжоу",
      "description": "Соревнования на лодках и поедание цзунцзы"
    }
  },
  {
    "model": "tours.Festival",
    "pk": 4,
    "fields": {
      "name": "Фестиваль фонарей",
      "date_start": "2024-02-24",
      "date_end": "2024-02-26",
      "location": "Пекин",
      "description": "Завершение празднования китайского нового года"
    }
  },
  {
    "model": "tours.Festival",
    "pk": 5,
    "fields": {
      "name": "Международный фестиваль пива в Циндао",
      "date_start": "2023-08-11",
      "date_end": "2023-08-27",
      "location": "Циндао",
      "description": "Крупнейший пивной фестиваль в Азии"
    }
  },

  {
    "model": "tours.TransportProvider",
    "pk": 1,
    "fields": {
      "name": "China Eastern Airlines",
      "contact_person": "Zhang Wei",
      "contact_phone": "+86 21 95530",
      "contact_email": "bookings@chinaeastern.com",
      "service_type": "Airline"
    }
  },
  {
    "model": "tours.TransportProvider",
    "pk": 2,
    "fields": {
      "name": "China Railway High-speed",
      "contact_person": "Liu Fang",
      "contact_phone": "+86 10 12306",
      "contact_email": "groupbookings@crhighspeed.com",
      "service_type": "Railway"
    }
  },
  {
    "model": "tours.TransportProvider",
    "pk": 3,
    "fields": {
      "name": "Beijing Taxi Service",
      "contact_person": "Wang Jian",
      "contact_phone": "+86 10 6837 3399",
      "contact_email": "reservation@bjtaxi.com",
      "service_type": "Taxi"
    }
  },
  {
    "model": "tours.TransportProvider",
    "pk": 4,
    "fields": {
      "name": "Yangtze River Cruises",
      "contact_person": "Chen Yu",
      "contact_phone": "+86 23 6383 1344",
      "contact_email": "info@yangtzecruise.com",
      "service_type": "Cruise"
    }
  },
  {
    "model": "tours.TransportProvider",
    "pk": 5,
    "fields": {
      "name": "Guangzhou Bus Tours",
      "contact_person": "Lin Hao",
      "contact_phone": "+86 20 8666 8999",
      "contact_email": "tours@gzbus.com",
      "service_type": "Bus"
    }
  },

  {
    "model": "tours.Insurance",
    "pk": 1,
    "fields": {
      "provider_name": "Ping An Insurance",
      "coverage_description": "Стандартная медицинская страховка для туристов",
      "price_per_day": "5.00"
    }
  },
  {
    "model": "tours.Insurance",
    "pk": 2,
    "fields": {
      "provider_name": "China Life",
      "coverage_description": "Расширенная страховка с покрытием экстремальных видов спорта",
      "price_per_day": "8.50"
    }
  },
  {
    "model": "tours.Insurance",
    "pk": 3,
    "fields": {
      "provider_name": "CPIC",
      "coverage_description": "Премиум страховка с покрытием COVID-19",
      "price_per_day": "12.00"
    }
  },
  {
    "model": "tours.Insurance",
    "pk": 4,
    "fields": {
      "provider_name": "Allianz China",
      "coverage_description": "Семейная страховка для групп",
      "price_per_day": "6.50"
    }
  },
  {
    "model": "tours.Insurance",
    "pk": 5,
    "fields": {
      "provider_name": "AIA",
      "coverage_description": "Бизнес страховка с расширенным покрытием",
      "price_per_day": "10.00"
    }
  },

  {
    "model": "tours.Review",
    "pk": 1,
    "fields": {
      "client": 1,
      "tour": 1,
      "rating": 5,
      "comment": "Отличный тур, все очень понравилось!",
      "review_date": "2023-06-25",
      "is_approved": true
    }
  },
  {
    "model": "tours.Review",
    "pk": 2,
    "fields": {
      "client": 2,
      "tour": 3,
      "rating": 4,
      "comment": "Хорошая организация, но еда была слишком острой",
      "review_date": "2023-09-10",
      "is_approved": true
    }
  },
  {
    "model": "tours.Review",
    "pk": 3,
    "fields": {
      "client": 4,
      "tour": 4,
      "rating": 5,
      "comment": "Незабываемые впечатления от ледового фестиваля!",
      "review_date": "2024-01-25",
      "is_approved": false
    }
  },
  {
    "model": "tours.Review",
    "pk": 4,
    "fields": {
      "client": 3,
      "tour": 2,
      "rating": 3,
      "comment": "Неплохо, но слишком много переездов",
      "review_date": "2023-07-20",
      "is_approved": true
    }
  },
  {
    "model": "tours.Review",
    "pk": 5,
    "fields": {
      "client": 5,
      "tour": 5,
      "rating": 5,
      "comment": "Лучший тур в моей жизни! Великий Шелковый путь - это мечта!",
      "review_date": "2023-11-01",
      "is_approved": true
    }
  },

  {
    "model": "tours.TourAgency",
    "pk": 1,
    "fields": {
      "name": "China Discovery Tours",
      "comission_percent": "15.00",
      "contact_phone": "+86 10 6512 9087",
      "email": "sales@chinadiscovery.com",
      "specialization": "VIP"
    }
  },
  {
    "model": "tours.TourAgency",
    "pk": 2,
    "fields": {
      "name": "Silk Road Adventures",
      "comission_percent": "12.50",
      "contact_phone": "+86 29 8765 4321",
      "email": "info@silkroadadventures.cn",
      "specialization": "Adventure"
    }
  },
  {
    "model": "tours.TourAgency",
    "pk": 3,
    "fields": {
      "name": "Pearl River Travel",
      "comission_percent": "10.00",
      "contact_phone": "+86 20 3456 7890",
      "email": "bookings@pearlrivertravel.com",
      "specialization": "Cultural"
    }
  },
  {
    "model": "tours.TourAgency",
    "pk": 4,
    "fields": {
      "name": "Yangtze Cruises & Tours",
      "comission_percent": "18.00",
      "contact_phone": "+86 23 1234 5678",
      "email": "reservations@yangtzecruises.cn",
      "specialization": "Cruise"
    }
  },
  {
    "model": "tours.TourAgency",
    "pk": 5,
    "fields": {
      "name": "Imperial China Travel",
      "comission_percent": "20.00",
      "contact_phone": "+86 10 9876 5432",
      "email": "tours@imperialchina.com",
      "specialization": "Luxury"
    }
  },

  {
    "model": "tours.Payment",
    "pk": 1,
    "fields": {
      "booking": 1,
      "amount": "600.00",
      "payment_date": "2023-04-15T11:00:00Z",
      "method": "Online Payment",
      "transaction_id": "PAY-123456",
      "is_deposit": true
    }
  },
  {
    "model": "tours.Payment",
    "pk": 2,
    "fields": {
      "booking": 1,
      "amount": "500.00",
      "payment_date": "2023-05-01T10:30:00Z",
      "method": "Bank Transfer",
      "transaction_id": "TRANS-789012",
      "is_deposit": false
    }
  },
  {
    "model": "tours.Payment",
    "pk": 3,
    "fields": {
      "booking": 2,
      "amount": "900.00",
      "payment_date": "2023-05-21T14:45:00Z",
      "method": "Card",
      "transaction_id": "CARD-345678",
      "is_deposit": true
    }
  },
  {
    "model": "tours.Payment",
    "pk": 4,
    "fields": {
      "booking": 4,
      "amount": "1350.00",
      "payment_date": "2023-07-11T09:30:00Z",
      "method": "Online Payment",
      "transaction_id": "PAY-901234",
      "is_deposit": false
    }
  },
  {
    "model": "tours.Payment",
    "pk": 5,
    "fields": {
      "booking": 5,
      "amount": "2500.00",
      "payment_date": "2023-08-06T16:45:00Z",
      "method": "Bank Transfer",
      "transaction_id": "TRANS-567890",
      "is_deposit": false
    }
  },

  {
    "model": "tours.BookingsVisa",
    "pk": 1,
    "fields": {
      "booking": 1,
      "visa": 1
    }
  },
  {
    "model": "tours.BookingsVisa",
    "pk": 2,
    "fields": {
      "booking": 2,
      "visa": 2
    }
  },
  {
    "model": "tours.BookingsVisa",
    "pk": 3,
    "fields": {
      "booking": 4,
      "visa": 3
    }
  },

  {
    "model": "tours.TourExcursion",
    "pk": 1,
    "fields": {
      "tour": 1,
      "excursion": 1,
      "guide": 1,
      "schedule_datetime": "2023-06-12T08:00:00Z",
      "included_in_price": true
    }
  },
  {
    "model": "tours.TourExcursion",
    "pk": 2,
    "fields": {
      "tour": 1,
      "excursion": 2,
      "guide": 1,
      "schedule_datetime": "2023-06-13T09:00:00Z",
      "included_in_price": true
    }
  },
  {
    "model": "tours.TourExcursion",
    "pk": 3,
    "fields": {
      "tour": 3,
      "excursion": 3,
      "guide": 4,
      "schedule_datetime": "2023-09-03T10:00:00Z",
      "included_in_price": false
    }
  },
  {
    "model": "tours.TourExcursion",
    "pk": 4,
    "fields": {
      "tour": 5,
      "excursion": 4,
      "guide": 5,
      "schedule_datetime": "2023-10-15T07:30:00Z",
      "included_in_price": true
    }
  },
  {
    "model": "tours.TourExcursion",
    "pk": 5,
    "fields": {
      "tour": 2,
      "excursion": 5,
      "guide": 2,
      "schedule_datetime": "2023-07-08T13:00:00Z",
      "included_in_price": true
    }
  },

  {
    "model": "tours.TourFestival",
    "pk": 1,
    "fields": {
      "tour": 4,
      "festival": 1
    }
  },
  {
    "model": "tours.TourFestival",
    "pk": 2,
    "fields": {
      "tour": 1,
      "festival": 2
    }
  },
  {
    "model": "tours.TourFestival",
    "pk": 3,
    "fields": {
      "tour": 2,
      "festival": 3
    }
  },

  {
    "model": "tours.TourHotel",
    "pk": 1,
    "fields": {
      "tour": 1,
      "hotel": 1,
      "check_in_date": "2023-06-10",
      "check_out_date": "2023-06-15",
      "room_type": "Deluxe",
      "meals_included": "Breakfast"
    }
  },
  {
    "model": "tours.TourHotel",
    "pk": 2,
    "fields": {
      "tour": 1,
      "hotel": 2,
      "check_in_date": "2023-06-15",
      "check_out_date": "2023-06-20",
      "room_type": "Standard",
      "meals_included": "Half Board"
    }
  },
  {
    "model": "tours.TourHotel",
    "pk": 3,
    "fields": {
      "tour": 2,
      "hotel": 3,
      "check_in_date": "2023-07-05",
      "check_out_date": "2023-07-15",
      "room_type": "Standard",
      "meals_included": "Full Board"
    }
  },
  {
    "model": "tours.TourHotel",
    "pk": 4,
    "fields": {
      "tour": 3,
      "hotel": 4,
      "check_in_date": "2023-09-01",
      "check_out_date": "2023-09-08",
      "room_type": "Suite",
      "meals_included": "Full Board"
    }
  },
  {
    "model": "tours.TourHotel",
    "pk": 5,
    "fields": {
      "tour": 4,
      "hotel": 5,
      "check_in_date": "2024-01-15",
      "check_out_date": "2024-01-22",
      "room_type": "Deluxe",
      "meals_included": "Half Board"
    }
  },

  {
    "model": "tours.TourRegion",
    "pk": 1,
    "fields": {
      "tour": 1,
      "region": 1,
      "days_spent": 5
    }
  },
  {
    "model": "tours.TourRegion",
    "pk": 2,
    "fields": {
      "tour": 1,
      "region": 2,
      "days_spent": 5
    }
  },
  {
    "model": "tours.TourRegion",
    "pk": 3,
    "fields": {
      "tour": 2,
      "region": 3,
      "days_spent": 10
    }
  },
  {
    "model": "tours.TourRegion",
    "pk": 4,
    "fields": {
      "tour": 3,
      "region": 4,
      "days_spent": 7
    }
  },
  {
    "model": "tours.TourRegion",
    "pk": 5,
    "fields": {
      "tour": 5,
      "region": 1,
      "days_spent": 3
    }
  },

  {
    "model": "tours.TourToAgency",
    "pk": 1,
    "fields": {
      "tour": 1,
      "agency": 1,
      "contract_start_date": "2023-01-01",
      "contract_end_date": "2023-12-31"
    }
  },
  {
    "model": "tours.TourToAgency",
    "pk": 2,
    "fields": {
      "tour": 2,
      "agency": 2,
      "contract_start_date": "2023-03-15",
      "contract_end_date": "2024-03-14"
    }
  },
  {
    "model": "tours.TourToAgency",
    "pk": 3,
    "fields": {
      "tour": 3,
      "agency": 3,
      "contract_start_date": "2023-05-01",
      "contract_end_date": null
    }
  },
  {
    "model": "tours.TourToAgency",
    "pk": 4,
    "fields": {
      "tour": 4,
      "agency": 4,
      "contract_start_date": "2023-06-01",
      "contract_end_date": "2024-02-29"
    }
  },
  {
    "model": "tours.TourToAgency",
    "pk": 5,
    "fields": {
      "tour": 5,
      "agency": 5,
      "contract_start_date": "2023-04-10",
      "contract_end_date": "2023-12-31"
    }
  },

  {
    "model": "tours.TourTransport",
    "pk": 1,
    "fields": {
      "tour": 1,
      "company": 1,
      "direction_type": "Departure",
      "departure_city": 1,
      "arrival_city": 2,
      "departure_datetime": "2023-06-15T10:00:00Z",
      "arrival_datetime": "2023-06-15T12:30:00Z",
      "notes": "Рейс MU5102"
    }
  },
  {
    "model": "tours.TourTransport",
    "pk": 2,
    "fields": {
      "tour": 1,
      "company": 2,
      "direction_type": "Intercity",
      "departure_city": 1,
      "arrival_city": 2,
      "departure_datetime": "2023-06-10T08:00:00Z",
      "arrival_datetime": "2023-06-10T12:30:00Z",
      "notes": "Скоростной поезд G101"
    }
  },
  {
    "model": "tours.TourTransport",
    "pk": 3,
    "fields": {
      "tour": 2,
      "company": 5,
      "direction_type": "Intercity",
      "departure_city": 3,
      "arrival_city": 4,
      "departure_datetime": "2023-07-08T09:00:00Z",
      "arrival_datetime": "2023-07-08T14:00:00Z",
      "notes": "Экскурсионный автобус"
    }
  },
  {
    "model": "tours.TourTransport",
    "pk": 4,
    "fields": {
      "tour": 3,
      "company": 4,
      "direction_type": "Arrival",
      "departure_city": 4,
      "arrival_city": 5,
      "departure_datetime": "2023-09-08T18:00:00Z",
      "arrival_datetime": "2023-09-08T20:30:00Z",
      "notes": "Внутренний перелет"
    }
  },
  {
    "model": "tours.TourTransport",
    "pk": 5,
    "fields": {
      "tour": 5,
      "company": 2,
      "direction_type": "Intercity",
      "departure_city": 1,
      "arrival_city": 4,
      "departure_datetime": "2023-10-12T07:00:00Z",
      "arrival_datetime": "2023-10-12T19:00:00Z",
      "notes": "Дневной поезд с экскурсиями"
    }
  }


]